tag,games
field-1D,paku_paku,charge_beam,bamboo,laser_fortress,photon_line,grenadier,portal_j,pump_press
field-3D,growth
field-auto_scroll,up_1_way,growth,flip_o,in_tow,number_ball,pin_climb,froooog,paint_ball,accel_b,up_down_press,ladder_drop,counter_b,m_rider,s_shake,m_jamming,t_lanes,scrambird,d_laser,kite,raid,catapult,holes,ns_climb,mirror_floor,sub_jump,up_shot,roll_s,turbulent,graveler,orbit_man,aerial_bar,scaffold,bs_fish,tape_j,lift_up,bomb_up,jump_on,grenadier,balls_bombs,m_field,tilted,not_turn,totoge,lie_down,circle_w,parking,light_dark,tappump,pump_press,slalom,boarding,golfme,zartan,bottop,jujump
field-bottomless,m_rider,catapult,holes,mirror_floor,tilted,floors_5,floater,golfme,zartan,jujump,refbals
field-connected,snaky,revolve_a
field-floors,in_tow,tilted,floater,jujump,refbals
field-gravity,ns_climb,graveler,ant_lion,swingby,earock
field-holes,shiny,grenadier,lie_down,portal_j,golfme,twhols,monjum
field-lanes,up_1_way,t_lanes,roll_s,rps,not_turn,two_lane,s_lanes
field-multiple,ud_cave,two_faced
field-outpost,rebirth,number_ball,laser_fortress,paint_ball,s_shake,wiper,hexmin,rps,screen,d_missile,s_lanes,line_b,sight_on,earock,arcfire,flipbomb
field-pins,pin_climb,orbit_man,circle_w,revolve_a,teeter,boarding,zartan
field-rotate,r_wheel,meteo_planet,ant_lion
field-roughness,up_down_press,scrambird,sub_jump,turbulent,tape_j,lland
field-space,meteo_planet,orbit_man,swingby,geocent,earock
field-spike,r_wheel,scrambird,kite,lift_up,totoge,parking,light_dark,lland
field-water,cast_n,sub_jump,turbulent,bs_fish
field-weather,thunder,shiny,descent_s,kite
obstacle-bounce,balls_bombs,hopping_p
obstacle-chase,paku_paku,m_jamming,jump_on
obstacle-fall,meteo_planet,up_shot,wiper,tape_j
obstacle-foresee,smily_angry
obstacle-penalty,charge_beam,cast_n,laser_fortress,tr_beam,circle_w,divarr
obstacle-split,d_missile,b_cannon
obstacle-well_up,bamboo,g_press,tr_beam,bomb_up
on_got_item-power_up,paku_paku,up_1_way,r_wheel,balls_bombs,hopping_p
on_got_item-reverse_state,rebirth,mirror_floor,lift_up,snake_1
on_got_item-spawn,in_tow,t_lanes,two_faced
on_holding-adjust_angle,cast_n,number_ball,froooog,mortar,throw_m,grenadier,arcfire,golfme
on_holding-avoid,bamboo,roll_s,lie_down
on_holding-charge,charge_beam
on_holding-defend,embattled
on_holding-defenseless,reflector
on_holding-extend,growth,pin_climb,m_jamming,square_bar,t_punch,scaffold,tape_j,twin_p,tappump
on_holding-inhale,tr_beam
on_holding-move,shiny,ball_tour,clean_robo,accel_b,square_bar,bs_fish,ant_lion,lift_up,geocent,balls_bombs,not_turn,s_lanes,two_faced
on_holding-reverse_state,shiny,graveler,ud_cave
on_holding-rotate,photon_line,t_punch,swingby,geocent,d_missile,unctrl,slalom
on_holding-shoot,laser_fortress,roll_hold,counter_b,zone_b,up_shot,roll_s,s_lanes,d_pistols,b_cannon
on_holding-stop,roll_hold,clean_robo,d_laser,up_shot,two_faced,boarding,monjum
on_holding-thrust,descent_s,up_down_press,m_rider,raid,snaky,turbulent,two_lane,parking,earock,lland
on_pressed-attack,g_press,t_punch,bomb_up,line_b
on_pressed-change_field,s_shake
on_pressed-fall,rebirth,foot_laser,ladder_drop
on_pressed-flap,scrambird,tappump
on_pressed-go_forward,paint_ball,orbit_man,sum_ten,revolve_a
on_pressed-jump,survivor,up_1_way,rebirth,r_wheel,foot_laser,mirror_floor,sub_jump,turbulent,m_field,tilted,totoge,floors_5,light_dark,floater,bottop,jujump
on_pressed-jump_into_another,aerial_bar,portal_j,cywall,zartan
on_pressed-pierce,color_roll,dango
on_pressed-reverse_state,flip_o,t_lanes,catapult,holes,ns_climb,wiper,rps,two_lane,twin_p,light_dark,teeter,flipbomb,boarding
on_pressed-select_route,jump_on,not_turn
on_pressed-shoot,r_wheel,accel_b,scrambird,raid,bomb_up,cate_p,screen,d_missile,d_pistols,sight_on,pump_press
on_pressed-split,divarr
on_pressed-turn,paku_paku,thunder,zone_b,d_laser,roll_s,embattled,smily_angry,scaffold,hexmin,cate_p,forfour,tilted,v_bomb,d_pistols,b_cannon,slashes,snake_1,divarr,twhols,jujump
on_released-erase,m_jamming
on_released-throw,cast_n,number_ball,froooog,pizza_arrow,mortar,throw_m,grenadier,arcfire,golfme,monjum
player-automatic,ladder_drop,m_jamming
player-bar,pin_climb,square_bar,aerial_bar,tt_fence,twin_p
player-bounce,hopping_p
player-circle,circle_w,tappump
player-follow,in_tow,geocent,two_faced,snake_1
player-inverted,rebirth,ud_cave,screen,light_dark,two_faced,bottop
player-limited_vision,zone_b,mortar,totoge
player-multiple,survivor,flip_o,t_lanes,hexmin,d_missile,parking,refbals
player-paint,paint_ball,floors_5
player-reciprocate,reflector,ball_tour,throw_m,embattled,tr_beam
player-reflect,bamboo,line_b,twhols,refbals
player-rotate,pin_climb,roll_hold,clean_robo,paint_ball,square_bar,orbit_man,twin_p,revolve_a,two_faced,arcfire
player-scaffold,ladder_drop,scaffold
player-step_on,up_down_press,m_field
player-string,kite,zartan
rule-balance,snaky
rule-chain,m_rider,m_jamming,raid,m_field,revolve_a,pump_press,flipbomb
rule-classify,laser_fortress,teeter,boarding
rule-combo_multiplier,thunder,accel_b,counter_b,scrambird,balls_bombs,m_field,unctrl
rule-control_weapons,d_missile,unctrl,divarr
rule-friendly_fire,embattled,m_field,v_bomb
rule-gauge_management,d_laser,g_press
rule-geometry,clean_robo,square_bar
rule-match,number_ball,color_roll,photon_line,rps,forfour,floors_5
rule-mathematics,number_ball,dango,sum_ten,number_line
rule-pass_through_gap,clean_robo,slalom
rule-physics,flip_o,descent_s,catapult,holes,turbulent,tr_beam,tilted,teeter,flipbomb,boarding
rule-proximity_bonus,thunder,meteo_planet,slashes
rule-shelter,d_laser
rule-surround,tt_fence
rule-time_limit,cast_n,dango,pizza_arrow,scrambird,g_press,number_line
rule-time_manipulation,pizza_arrow
weapon-arc,arcfire
weapon-artillery,cast_n,number_ball,raid,throw_m,grenadier
weapon-auto_aiming,b_cannon,sight_on
weapon-blow_off,bomb_up,rps
weapon-change_field,r_wheel,grenadier
weapon-chase,accel_b
weapon-disablement,pump_press
weapon-explosion,reflector,m_jamming,mortar,bomb_up,balls_bombs,m_field,sight_on,flipbomb
weapon-interference,reflector,counter_b
weapon-ray,screen
weapon-time_limit,m_field,v_bomb
weapon-vertical,reflector,r_wheel,foot_laser,up_shot
weapon-wipe,laser_fortress,wiper
