slug,tags
accel_b,weapon-chase,on_pressed-shoot,rule-combo_multiplier,on_holding-move,field-auto_scroll
aerial_bar,player-bar,on_pressed-jump_into_another,field-auto_scroll
ant_lion,field-gravity,field-rotate,on_holding-move
arcfire,weapon-arc,field-outpost,on_holding-adjust_angle,player-rotate,on_released-throw
b_cannon,weapon-auto_aiming,obstacle-split,on_pressed-turn,on_holding-shoot
ball_tour,player-reciprocate,on_holding-move
balls_bombs,obstacle-bounce,on_got_item-power_up,weapon-explosion,rule-combo_multiplier,field-auto_scroll,on_holding-move
bamboo,on_holding-avoid,player-reflect,field-1D,obstacle-well_up
boarding,rule-classify,rule-physics,field-pins,on_holding-stop,on_pressed-reverse_state,field-auto_scroll
bomb_up,weapon-blow_off,weapon-explosion,obstacle-well_up,on_pressed-shoot,on_pressed-attack,field-auto_scroll
bottop,player-inverted,field-auto_scroll,on_pressed-jump
bs_fish,field-water,on_holding-move,field-auto_scroll
cast_n,on_released-throw,obstacle-penalty,on_holding-adjust_angle,rule-time_limit,weapon-artillery,field-water
catapult,on_pressed-reverse_state,rule-physics,field-bottomless,field-auto_scroll
cate_p,on_pressed-turn,on_pressed-shoot
charge_beam,on_holding-charge,field-1D,obstacle-penalty
circle_w,player-circle,field-pins,obstacle-penalty,field-auto_scroll
clean_robo,rule-pass_through_gap,rule-geometry,player-rotate,on_holding-stop,on_holding-move
color_roll,on_pressed-pierce,rule-match
counter_b,rule-combo_multiplier,weapon-interference,on_holding-shoot,field-auto_scroll
cywall,on_pressed-jump_into_another
d_laser,rule-shelter,rule-gauge_management,on_pressed-turn,on_holding-stop,field-auto_scroll
d_missile,rule-control_weapons,obstacle-split,on_holding-rotate,on_pressed-shoot,player-multiple,field-outpost
d_pistols,on_pressed-shoot,on_holding-shoot,on_pressed-turn
dango,rule-mathematics,on_pressed-pierce,rule-time_limit
descent_s,on_holding-thrust,rule-physics,field-weather
divarr,on_pressed-split,obstacle-penalty,on_pressed-turn,rule-control_weapons
earock,field-outpost,field-gravity,on_holding-thrust,field-space
embattled,on_holding-defend,rule-friendly_fire,player-reciprocate,on_pressed-turn
flip_o,player-multiple,rule-physics,on_pressed-reverse_state,field-auto_scroll
flipbomb,on_pressed-reverse_state,weapon-explosion,rule-chain,rule-physics,field-outpost
floater,field-floors,on_pressed-jump,field-bottomless
floors_5,rule-match,on_pressed-jump,player-paint,field-bottomless
foot_laser,on_pressed-jump,weapon-vertical,on_pressed-fall
forfour,rule-match,on_pressed-turn
froooog,on_holding-adjust_angle,on_released-throw,field-auto_scroll
g_press,obstacle-well_up,rule-time_limit,rule-gauge_management,on_pressed-attack
geocent,field-space,player-follow,on_holding-move,on_holding-rotate
golfme,on_holding-adjust_angle,on_released-throw,field-holes,field-bottomless,field-auto_scroll
graveler,field-gravity,on_holding-reverse_state,field-auto_scroll
grenadier,weapon-change_field,field-holes,weapon-artillery,on_holding-adjust_angle,on_released-throw,field-1D,field-auto_scroll
growth,on_holding-extend,field-3D,field-auto_scroll
hexmin,field-outpost,player-multiple,on_pressed-turn
holes,rule-physics,on_pressed-reverse_state,field-bottomless,field-auto_scroll
hopping_p,player-bounce,obstacle-bounce,on_got_item-power_up
in_tow,player-follow,field-auto_scroll,field-floors,on_got_item-spawn
jujump,on_pressed-jump,on_pressed-turn,field-auto_scroll,field-floors,field-bottomless
jump_on,on_pressed-select_route,obstacle-chase,field-auto_scroll
kite,field-weather,player-string,field-spike,field-auto_scroll
ladder_drop,player-automatic,player-scaffold,on_pressed-fall,field-auto_scroll
laser_fortress,weapon-wipe,on_holding-shoot,obstacle-penalty,rule-classify,field-1D,field-outpost
lie_down,on_holding-avoid,field-holes,field-auto_scroll
lift_up,on_got_item-reverse_state,on_holding-move,field-spike,field-auto_scroll
light_dark,player-inverted,on_pressed-reverse_state,on_pressed-jump,field-spike,field-auto_scroll
line_b,player-reflect,on_pressed-attack,field-outpost
lland,on_holding-thrust,field-roughness,field-spike
m_field,weapon-time_limit,weapon-explosion,rule-chain,rule-combo_multiplier,rule-friendly_fire,on_pressed-jump,player-step_on,field-auto_scroll
m_jamming,weapon-explosion,rule-chain,player-automatic,obstacle-chase,on_holding-extend,on_released-erase,field-auto_scroll
m_rider,rule-chain,on_holding-thrust,field-bottomless,field-auto_scroll
meteo_planet,field-space,rule-proximity_bonus,obstacle-fall,field-rotate
mirror_floor,on_got_item-reverse_state,field-bottomless,on_pressed-jump,field-auto_scroll
monjum,on_holding-stop,on_released-throw,field-holes
mortar,player-limited_vision,weapon-explosion,on_holding-adjust_angle,on_released-throw
not_turn,on_pressed-select_route,on_holding-move,field-lanes,field-auto_scroll
ns_climb,on_pressed-reverse_state,field-gravity,field-auto_scroll
number_ball,on_holding-adjust_angle,on_released-throw,rule-match,rule-mathematics,weapon-artillery,field-outpost,field-auto_scroll
number_line,rule-mathematics,rule-time_limit
orbit_man,player-rotate,on_pressed-go_forward,field-space,field-pins,field-auto_scroll
paint_ball,player-paint,player-rotate,on_pressed-go_forward,field-outpost,field-auto_scroll
paku_paku,field-1D,on_got_item-power_up,obstacle-chase,on_pressed-turn
parking,player-multiple,on_holding-thrust,field-auto_scroll,field-spike
photon_line,rule-match,on_holding-rotate,field-1D
pin_climb,field-pins,player-bar,on_holding-extend,player-rotate,field-auto_scroll
pizza_arrow,on_released-throw,rule-time_manipulation,rule-time_limit
portal_j,on_pressed-jump_into_another,field-holes,field-1D
pump_press,weapon-disablement,field-1D,rule-chain,on_pressed-shoot,field-auto_scroll
r_wheel,weapon-change_field,weapon-vertical,field-spike,field-rotate,on_pressed-jump,on_pressed-shoot,on_got_item-power_up
raid,weapon-artillery,on_pressed-shoot,on_holding-thrust,rule-chain,field-auto_scroll
rebirth,on_got_item-reverse_state,player-inverted,field-outpost,on_pressed-jump,on_pressed-fall
refbals,player-multiple,player-reflect,field-floors,field-bottomless
reflector,weapon-explosion,weapon-interference,player-reciprocate,on_holding-defenseless,weapon-vertical
revolve_a,on_pressed-go_forward,field-connected,rule-chain,field-pins,player-rotate
roll_hold,player-rotate,on_holding-stop,on_holding-shoot
roll_s,on_holding-avoid,on_holding-shoot,on_pressed-turn,field-auto_scroll,field-lanes
rps,field-lanes,rule-match,weapon-blow_off,on_pressed-reverse_state,field-outpost
s_lanes,field-lanes,field-outpost,on_holding-shoot,on_holding-move
s_shake,on_pressed-change_field,field-outpost,field-auto_scroll
scaffold,player-scaffold,on_pressed-turn,on_holding-extend,field-auto_scroll
scrambird,on_pressed-flap,on_pressed-shoot,field-auto_scroll,field-roughness,field-spike,rule-combo_multiplier,rule-time_limit
screen,player-inverted,on_pressed-shoot,weapon-ray,field-outpost
shiny,field-weather,field-holes,on_holding-reverse_state,on_holding-move
sight_on,weapon-auto_aiming,weapon-explosion,field-outpost,on_pressed-shoot
slalom,on_holding-rotate,field-auto_scroll,rule-pass_through_gap
slashes,rule-proximity_bonus,on_pressed-turn
smily_angry,obstacle-foresee,on_pressed-turn
snake_1,player-follow,on_got_item-reverse_state,on_pressed-turn
snaky,rule-balance,field-connected,on_holding-thrust
square_bar,rule-geometry,player-bar,player-rotate,on_holding-extend,on_holding-move
sub_jump,field-water,field-roughness,on_pressed-jump,field-auto_scroll
sum_ten,rule-mathematics,on_pressed-go_forward
survivor,player-multiple,on_pressed-jump
swingby,field-gravity,on_holding-rotate,field-space
t_lanes,player-multiple,field-lanes,on_got_item-spawn,on_pressed-reverse_state,field-auto_scroll
t_punch,on_pressed-attack,on_holding-rotate,on_holding-extend
tape_j,on_holding-extend,obstacle-fall,field-roughness,field-auto_scroll
tappump,on_holding-extend,on_pressed-flap,player-circle,field-auto_scroll
teeter,rule-classify,on_pressed-reverse_state,rule-physics,field-pins
throw_m,weapon-artillery,player-reciprocate,on_holding-adjust_angle,on_released-throw
thunder,on_pressed-turn,field-weather,rule-proximity_bonus,rule-combo_multiplier
tilted,on_pressed-jump,on_pressed-turn,field-floors,field-bottomless,rule-physics,field-auto_scroll
totoge,player-limited_vision,on_pressed-jump,field-spike,field-auto_scroll
tr_beam,on_holding-inhale,obstacle-penalty,rule-physics,player-reciprocate,obstacle-well_up
tt_fence,rule-surround,player-bar
turbulent,field-roughness,on_pressed-jump,on_holding-thrust,rule-physics,field-water,field-auto_scroll
twhols,player-reflect,on_pressed-turn,field-holes
twin_p,player-bar,player-rotate,on_pressed-reverse_state,on_holding-extend
two_faced,field-multiple,player-follow,player-inverted,on_got_item-spawn,player-rotate,on_holding-stop,on_holding-move
two_lane,field-lanes,on_pressed-reverse_state,on_holding-thrust
ud_cave,field-multiple,player-inverted,on_holding-reverse_state
unctrl,rule-control_weapons,rule-combo_multiplier,on_holding-rotate
up_1_way,field-auto_scroll,field-lanes,on_pressed-jump,on_got_item-power_up
up_down_press,player-step_on,on_holding-thrust,field-roughness,field-auto_scroll
up_shot,weapon-vertical,on_holding-stop,on_holding-shoot,obstacle-fall,field-auto_scroll
v_bomb,weapon-time_limit,rule-friendly_fire,on_pressed-turn
wiper,weapon-wipe,on_pressed-reverse_state,obstacle-fall,field-outpost
zartan,player-string,field-pins,on_pressed-jump_into_another,field-bottomless,field-auto_scroll
zone_b,player-limited_vision,on_holding-shoot,on_pressed-turn
